[
    {
        "id": 1,
        "name": "Fysieke en mentale welzijn",
        "description": "Investeer in je fysieke en mentale welzijn",
        "maximalInlay": 1250,
        "cycleYear": 1,
        "createdAt": "2025-01-01T10:00:00Z",
        "updatedAt": "2025-12-01T12:00:00Z",
        "deletedAt": null
    },
    {
        "id": 2,
        "name": "Verduurzaming",
        "description": "Investeer in verduurzaming",
        "maximalInlay": 5000,
        "cycleYear": 3,
        "createdAt": "2025-01-02T11:00:00Z",
        "updatedAt": "2025-12-02T13:00:00Z",
        "deletedAt": null
    },
    {
        "id": 3,
        "name": "Studieschuld",
        "description": "Investeer in het aflossen van je studieschuld",
        "maximalInlay": 5000,
        "cycleYear": 2,
        "createdAt": "2025-01-03T12:00:00Z",
        "updatedAt": "2025-12-03T14:00:00Z",
        "deletedAt": null
    },
    {
        "id": 4,
        "name": "Vakbondscontributie",
        "description": "Investeer in een vakantie",
        "maximalInlay": null,
        "cycleYear": 2,
        "createdAt": "2025-01-04T13:00:00Z",
        "updatedAt": "2025-12-04T15:00:00Z",
        "deletedAt": null
    }
]