[
    {
        "id": "flex",
        "title": "Flex",
        "lastUpdated": "01-01-2025",
        "items": [
            {
                "id": "flex-1",
                "position": 1,
                "title": "Geen keuze maken",
                "text": "lorem ipsum dolor sit amet, consectetur adipiscing elit. Sed non risus. Suspendisse lectus tortor, dignissim sit amet, adipiscing nec, ultricies sed, dolor. Cras elementum ultrices diam. Maecenas ligula massa, varius a, semper congue, euismod non, mi. Suspendisse lectus tortor, dignissim sit amet, adipiscing nec, ultricies sed, dolor. Cras elementum ultrices diam. Maecenas ligula massa, varius a, semper congue, euismod non, mi.",
                "action": {
                    "url": "flex",
                    "label": "Aan de slag"
                }
            },
            {
                "id": "flex-2",
                "position": 2,
                "title": "KPN plan",
                "text": "lorem ipsum dolor sit amet, consectetur adipiscing elit. Sed non risus. Suspendisse lectus tortor, dignissim sit amet, adipiscing nec, ultricies sed, dolor. Cras elementum ultrices diam. Maecenas ligula massa, varius a, semper congue, euismod non, mi.",
                "action": {
                    "url": "flex",
                    "label": "Aan de slag"
                }
            },
            {
                "id": "flex-3",
                "position": 3,
                "title": "KPN Salesplan",
                "text": "lorem ipsum dolor sit amet, consectetur adipiscing elit. Sed non risus. Suspendisse lectus tortor, dignissim sit amet, adipiscing nec, ultricies sed, dolor. Cras elementum ultrices diam. Maecenas ligula massa, varius a, semper congue, euismod non, mi.",
                "action": {
                    "url": "flex",
                    "label": "Aan de slag"
                }
            },
            {
                "id": "flex-4",
                "position": 4,
                "title": "Virtuele aandelen",
                "text": "lorem ipsum dolor sit amet, consectetur adipiscing elit. Sed non risus. Suspendisse lectus tortor, dignissim sit amet, adipiscing nec, ultricies sed, dolor. Cras elementum ultrices diam. Maecenas ligula massa, varius a, semper congue, euismod non, mi.",
                "action": {
                    "url": "flex",
                    "label": "Aan de slag"
                }
            },
            {
                "id": "flex-5",
                "position": 5,
                "title": "Pensioen sparen (vanaf 2026)",
                "text": "lorem ipsum dolor sit amet, consectetur adipiscing elit. Sed non risus. Suspendisse lectus tortor, dignissim sit amet, adipiscing nec, ultricies sed, dolor. Cras elementum ultrices diam. Maecenas ligula massa, varius a, semper congue, euismod non, mi.",
                "action": {
                    "url": "flex",
                    "label": "Aan de slag"
                }
            }
        ]
    },
    {
        "id": "boost",
        "title": "Boost",
        "lastUpdated": "01-01-2025",
        "items": [
            {
                "id": "boost-1",
                "position": 1,
                "title": "Fysiek en mentaal welzijn",
                "text": "lorem ipsum dolor sit amet, consectetur adipiscing elit. Sed non risus. Suspendisse lectus tortor, dignissim sit amet, adipiscing nec, ultricies sed, dolor. Cras elementum ultrices diam. Maecenas ligula massa, varius a, semper congue, euismod non, mi.",
                "action": {
                    "url": "boost",
                    "label": "Aan de slag"
                }
            },
            {
                "id": "boost-2",
                "position": 2,
                "title": "Verduurzaming woning",
                "text": "lorem ipsum dolor sit amet, consectetur adipiscing elit. Sed non risus. Suspendisse lectus tortor, dignissim sit amet, adipiscing nec, ultricies sed, dolor. Cras elementum ultrices diam. Maecenas ligula massa, varius a, semper congue, euismod non, mi.",
                "action": {
                    "url": "boost",
                    "label": "Aan de slag"
                }
            },
            {
                "id": "boost-3",
                "position": 3,
                "title": "Studieschuld aflossen",
                "text": "lorem ipsum dolor sit amet, consectetur adipiscing elit. Sed non risus. Suspendisse lectus tortor, dignissim sit amet, adipiscing nec, ultricies sed, dolor. Cras elementum ultrices diam. Maecenas ligula massa, varius a, semper congue, euismod non, mi.",
                "action": {
                    "url": "boost",
                    "label": "Aan de slag"
                }
            },
            {
                "id": "boost-4",
                "position": 4,
                "title": "Sabbatical nemen",
                "text": "lorem ipsum dolor sit amet, consectetur adipiscing elit. Sed non risus. Suspendisse lectus tortor, dignissim sit amet, adipiscing nec, ultricies sed, dolor. Cras elementum ultrices diam. Maecenas ligula massa, varius a, semper congue, euismod non, mi.",
                "action": {
                    "url": "boost",
                    "label": "Aan de slag"
                }
            },
            {
                "id": "boost-5",
                "position": 5,
                "title": "Vakbondscontributie",
                "text": "lorem ipsum dolor sit amet, consectetur adipiscing elit. Sed non risus. Suspendisse lectus tortor, dignissim sit amet, adipiscing nec, ultricies sed, dolor. Cras elementum ultrices diam. Maecenas ligula massa, varius a, semper congue, euismod non, mi.",
                "action": {
                    "url": "boost",
                    "label": "Aan de slag"
                }
            }
        ]
    },
    {
        "id": "cao",
        "title": "CAO",
        "lastUpdated": "01-01-2025",
        "items":
        [
            {
                "id": "1",
                "position": 1,
                "title": "Algemeen",
                "text": "<b>Artikel 1.1 | Begrippen</b><br>De begrippen in deze cao betekenen:<br><br><b>A</b><br><b>Aanvullende uitkering</b><br>uitkering bovenop de werkloosheidsuitkering;<br><br><b>AAC-DO</b><br>Advies- en Arbitragecommissie Decentrale Overheden;<br><b>ABP</b><br>Algemeen Burgerlijk Pensioenfonds;<br><br><b>AOW-gerechtigde leeftijd</b><br>leeftijd waarop de AOW-uitkering ingaat volgens de Algemene Ouderdomswet;<br><br><b>arbeidsverleden</b><br>arbeidsverleden volgens de Werkloosheidswet;<br><br><b>Artikel 1.2 | Toepassing Cao Gemeenten</b><br>1. Deze cao geldt voor gemeenten in artikel 123 Grondwet, die zijn gelegen in het Europese deel van het Koninkrijk der Nederlanden.<br>2. Deze cao geldt voor de werknemer die met de werkgever een arbeidsovereenkomst is overeengekomen.",
                "action": false
            },
            {
                "id": "2",
                "position": 2,
                "title": "Arbeidsovereenkomst",
                "text": "<b>Artikel 2.1 | Sluiten van een arbeidsovereenkomst</b><br>De werkgever en de werknemer gaan de arbeidsovereenkomst schriftelijk aan.<br><br><b>Artikel 2.2 | Vacaturevervulling</b><br>1. De werkgever vervult een vacature bij voorkeur met een interne kandidaat, tenzij bedrijfs- of dienstbelangen zich daartegen verzetten.<br>2. Dit geldt ook voor oud-werknemers die een uitkering op grond van hoofdstuk 10 krijgen voor rekening van de werkgever.<br><br><b>Artikel 2.3 | Kosten medische keuring</b><br>Als een medische keuring voor een bepaalde functie noodzakelijk is, betaalt de werkgever de kosten.",
                "action": {
                    "url": "index.html",
                    "label": "Aan de slag"
                }
            },
            {
                "id": "3",
                "position": 3,
                "title": "Salaris, salaristoeslagen en vergoedingen",
                "text": "<b>Artikel 3.1 | Salaris</b><br>1. De werknemer ontvangt een salaris volgens de salarisschaal die bij zijn functie hoort.<br>2. De werkgever betaalt het salaris maandelijks uit.<br><br><b>Artikel 3.2 | Salaristoeslagen</b><br>1. De werknemer kan in aanmerking komen voor een salaristoeslag.<br>2. De werkgever betaalt de salaristoeslag maandelijks uit.<br><br><b>Artikel 3.3 | Vergoedingen</b><br>1. De werknemer kan in aanmerking komen voor een vergoeding.<br>2. De werkgever betaalt de vergoeding maandelijks uit.",
                "action": {
                    "url": "index.html",
                    "label": "Aan de slag"
                }
            },
            {
                "id": "4",
                "position": 4,
                "title": "Werktijden en verlof",
                "text": "<b>Artikel 4.1 | Werktijden</b><br>1. De werknemer werkt volgens de werktijdenregeling van de werkgever.<br>2. De werkgever kan de werktijdenregeling wijzigen.<br><br><b>Artikel 4.2 | Verlof</b><br>1. De werknemer heeft recht op verlof volgens de verlofregeling van de werkgever.<br>2. De werkgever kan de verlofregeling wijzigen.<br><br><b>Artikel 4.3 | Ziekteverlof</b><br>1. De werknemer meldt zich ziek bij de werkgever.<br>2. De werkgever betaalt het ziekteverlof uit.",
                "action": {
                    "url": "index.html",
                    "label": "Aan de slag"
                }
            },
            {
                "id": "5",
                "position": 5,
                "title": "Ontslag",
                "text": "<b>Artikel 5.1 | Ontslag</b><br>1. De werkgever kan de werknemer ontslaan.<br>2. De werknemer kan de werkgever ontslaan.<br><br><b>Artikel 5.2 | Ontslagvergoeding</b><br>1. De werknemer heeft recht op een ontslagvergoeding.<br>2. De werkgever betaalt de ontslagvergoeding uit.<br><br><b>Artikel 5.3 | Ontslagprocedure</b><br>1. De werkgever volgt de ontslagprocedure.",
                "action": {
                    "url": "index.html",
                    "label": "Aan de slag"
                }
            },
            {
                "id": "6",
                "position": 6,
                "title": "Overige bepalingen",
                "text": "<b>Artikel 6.1 | Geheimhouding</b><br>1. De werknemer houdt geheim wat hem in vertrouwen is toevertrouwd.<br>2. De werknemer houdt geheim wat hem in vertrouwen is toevertrouwd.<br><br><b>Artikel 6.2 | Nevenwerkzaamheden</b><br>1. De werknemer verricht geen nevenwerkzaamheden zonder toestemming van de werkgever.<br>2. De werknemer verricht geen nevenwerkzaamheden zonder toestemming van de werkgever.<br><br><b>Artikel 6.3 | Gebruik van eigendommen</b><br>1. De werknemer gebruikt de eigendommen van de werkgever zorgvuldig.<br>2. De werknemer gebruikt de eigendommen van de werkgever zorgvuldig.",
                "action": {
                    "url": "index.html",
                    "label": "Aan de slag"
                }
            },
            {
                "id": "7",
                "position": 7,
                "title": "Overige informatie",
                "text": "<b>Artikel 7.1 | Wijziging van de cao</b><br>1. De werkgever kan de cao wijzigen.<br>2. De werknemer kan de cao wijzigen.<br><br><b>Artikel 7.2 | Geschillen</b><br>1. De werkgever en de werknemer proberen een geschil in onderling overleg op te lossen.<br>2. De werkgever en de werknemer proberen een geschil in onderling overleg op te lossen.<br><br><b>Artikel 7.3 | Slotbepaling</b><br>Deze cao treedt in werking op 1 januari 2024.",
                "action": {
                    "url": "index.html",
                    "label": "Aan de slag"
                }
            },
            {
                "id": "8",
                "position": 8,
                "title": "Bijlagen",
                "text": "<b>Bijlage 1 | Salarisschalen</b><br>1. De werknemer ontvangt een salaris volgens de salarisschaal die bij zijn functie hoort.<br>2. De werkgever betaalt het salaris maandelijks uit.<br><br><b>Bijlage 2 | Verlofregeling</b><br>1. De werknemer heeft recht op verlof volgens de verlofregeling van de werkgever.<br>2. De werkgever kan de verlofregeling wijzigen.<br><br><b>Bijlage 3 | Vergoedingsregeling</b><br>1. De werknemer kan in aanmerking komen voor een vergoeding.<br>2. De werkgever betaalt de vergoeding maandelijks uit.",
                "action": {
                    "url": "index.html",
                    "label": "Aan de slag"
                }
            }
        ]
    }
]
