[
    {
        "id": 1,
        "name": "Admin",
        "description": "Has full access to all resources.",
        "createdAt": "2023-01-01T10:00:00Z",
        "updatedAt": "2023-06-01T12:00:00Z",
        "deletedAt": null
    },
    {
        "id": 2,
        "name": "Sales",
        "description": "Works in the sales department.",
        "createdAt": "2023-01-02T11:00:00Z",
        "updatedAt": "2023-06-02T13:00:00Z",
        "deletedAt": null
    },
    {
        "id": 3,
        "name": "IT",
        "description": "Works in the IT department.",
        "createdAt": "2023-01-03T12:00:00Z",
        "updatedAt": "2023-06-03T14:00:00Z",
        "deletedAt": null
    },
    {
        "id": 4,
        "name": "HR",
        "description": "Works in the HR department.",
        "createdAt": "2023-01-04T13:00:00Z",
        "updatedAt": "2023-06-04T15:00:00Z",
        "deletedAt": null
    },
    {
        "id": 5,
        "name": "Retail",
        "description": "Works in the retail department.",
        "createdAt": "2023-01-05T14:00:00Z",
        "updatedAt": "2023-06-05T16:00:00Z",
        "deletedAt": null
    }
]