[
    {
        "id": 1,
        "userId": 1,
        "roleId": 1,
        "createdAt": "2023-01-10T08:30:00Z",
        "updatedAt": "2023-07-15T14:45:00Z",
        "deletedAt": null
    },
    {
        "id": 2,
        "userId": 2,
        "roleId": 2,
        "createdAt": "2022-05-12T10:20:00Z",
        "updatedAt": "2023-08-01T16:00:00Z",
        "deletedAt": null
    },
    {
        "id": 3,
        "userId": 3,
        "roleId": 3,
        "createdAt": "2021-03-19T09:15:00Z",
        "updatedAt": "2023-05-05T12:00:00Z",
        "deletedAt": null
    },
    {
        "id": 4,
        "userId": 4,
        "roleId": 4,
        "createdAt": "2020-09-15T14:30:00Z",
        "updatedAt": "2023-06-10T18:30:00Z",
        "deletedAt": null
    },
    {
        "id": 5,
        "userId": 5,
        "roleId": 5,
        "createdAt": "2023-02-01T11:45:00Z",
        "updatedAt": "2023-08-15T09:20:00Z",
        "deletedAt": null
    }
]