[
    {
        "id": 1,
        "firstName": "Jeff",
        "lastName": "Jansen",
        "email": "test@test.nl",
        "password": "test",
        "salary": 55000,
        "currency": "EUR",
        "language": "Dutch",
        "country": "Netherlands",
        "city": "Amsterdam",
        "address": "Keizersgracht 123",
        "postalCode": "1015 CJ",
        "phone": 31201234567,
        "avatar": "",
        "birthdate": "1990-04-15T00:00:00Z",
        "createdAt": "2023-01-10T08:30:00Z",
        "updatedAt": "2023-07-15T14:45:00Z",
        "deletedAt": null
    },
    {
        "id": 2,
        "firstName": "Liam",
        "lastName": "Verhoeven",
        "email": "hu@hu.com",
        "password": "test123",
        "salary": 62000,
        "currency": "EUR",
        "language": "Dutch",
        "country": "Netherlands",
        "city": "Rotterdam",
        "address": "Coolsingel 456",
        "postalCode": "3011 AD",
        "phone": 31209876543,
        "avatar": "",
        "birthdate": "1985-11-23T00:00:00Z",
        "createdAt": "2022-05-12T10:20:00Z",
        "updatedAt": "2023-08-01T16:00:00Z",
        "deletedAt": null
    },
    {
        "id": 3,
        "firstName": "Sofia",
        "lastName": "De Vries",
        "email": "sofia.devries@example.com",
        "password": "sofiaPass789",
        "salary": 48000,
        "currency": "EUR",
        "language": "Dutch",
        "country": "Netherlands",
        "city": "Utrecht",
        "address": "Oudegracht 789",
        "postalCode": "3511 AC",
        "phone": 31207654321,
        "avatar": "",
        "birthdate": "1992-07-08T00:00:00Z",
        "createdAt": "2021-03-19T09:15:00Z",
        "updatedAt": "2023-05-05T12:00:00Z",
        "deletedAt": null
    },
    {
        "id": 4,
        "firstName": "Noah",
        "lastName": "Bakker",
        "email": "noah.bakker@example.com",
        "password": "noahSecure456",
        "salary": 67000,
        "currency": "EUR",
        "language": "Dutch",
        "country": "Netherlands",
        "city": "The Hague",
        "address": "Lange Voorhout 10",
        "postalCode": "2514 ED",
        "phone": 31205432109,
        "avatar": "",
        "birthdate": "1980-02-20T00:00:00Z",
        "createdAt": "2020-09-15T14:30:00Z",
        "updatedAt": "2023-06-10T18:30:00Z",
        "deletedAt": null
    },
    {
        "id": 5,
        "firstName": "Isabella",
        "lastName": "Kuipers",
        "email": "isabella.kuipers@example.com",
        "password": "isaPass999",
        "salary": 52000,
        "currency": "EUR",
        "language": "Dutch",
        "country": "Netherlands",
        "city": "Eindhoven",
        "address": "Strijp-S 25",
        "postalCode": "5617 AT",
        "phone": 31206543210,
        "avatar": "",
        "birthdate": "1995-09-12T00:00:00Z",
        "createdAt": "2023-02-01T11:45:00Z",
        "updatedAt": "2023-08-15T09:20:00Z",
        "deletedAt": "2023-09-01T10:00:00Z"
    }
]
